<configuration>
    <property>
        <name>metastore.thrift.uris</name>
        <value>thrift://hive-metastore:9083</value>
        <description>Thrift URI for the remote metastore. Used by metastore client to connect to remote metastore.</description>
    </property>
    <property>
        <name>metastore.task.threads.always</name>
        <value>org.apache.hadoop.hive.metastore.events.EventCleanerTask,org.apache.hadoop.hive.metastore.MaterializationsCacheCleanerTask</value>
    </property>
    <property>
        <name>metastore.expression.proxy</name>
        <value>org.apache.hadoop.hive.metastore.DefaultPartitionExpressionProxy</value>
    </property>
    <property>
        <name>javax.jdo.option.ConnectionDriverName</name>
        <value>com.mysql.jdbc.Driver</value>
    </property>
    <property>
        <name>javax.jdo.option.ConnectionURL</name>
        <value>jdbc:mysql://mariadb:3306/metastore_db</value>
    </property>
    <property>
        <name>javax.jdo.option.ConnectionUserName</name>
        <value>admin</value>
    </property>
    <property>
        <name>javax.jdo.option.ConnectionPassword</name>
        <value>admin</value>
    </property>

    <property>
        <name>fs.s3a.impl</name>
        <value>org.apache.hadoop.fs.s3a.S3AFileSystem</value>
    </property>
    <property>
        <name>fs.s3a.access.key</name>
        <value>admin</value>
    </property>
    <property>
        <name>fs.s3a.secret.key</name>
        <value>password</value>
    </property>
    <property>
        <name>fs.s3a.endpoint</name>
        <value>http://minio:9000</value>
    </property>
    <property>
        <name>fs.s3a.path.style.access</name>
        <value>true</value>
    </property>
    <property>
        <name>hive.metastore.warehouse.dir</name>
        <value>s3a://warehouse/</value>
    </property>
</configuration>
